id,first_name,last_name,address,city,state,zip_code,dob
A1234567890,Colin,Floweth,3 Carberry Place,Monroe,LA,71213,3/10/1997
2829107890,Caren,Leppington,506 Boyd Center,Springfield,Illinois,62711,6/5/1998
3271027389,Carol,Marner,7 John Wall Center,,,,12/10/2000
3271027389,Cherrita,Sermin,2 Superior Place,Erie,PA,6534,2001-08-23
18293098-23,Far,Maskell,77 Hazelcrest Trail,Salem,OR,97312,11/21/1990
9872123789,Caryl Moorrud,,9159 Morning Road,Cleveland,OH,,11/3/1985
1739436485,Bell,Letteresse,80668 Jana Drive,Wichita,KS,7236,6/28/1999
92718235,Lynna,MacGillivray,7177 Ilene Way,Vero Beach,,,8/24/2000
2341628345,Leroi,DiBiasio,11878 Sachs Pass,San Jose,CA,95150,3/30/2002
6282341345,Fan,Haitlie,0 Chive Alley,Reno,NV,89519,5/9/1980
1823456732,Chaunce Mulcahy,,293 5th Junction,Sioux City,IA,1105,1987/2/17
1209876543,Jamie,Bauser,24 Mayer Road,Raleigh,NC,27610,5/22/1995
1312345678,Ruperta,Ranklin,0 Sunnyside Center,Brooklyn,NY,,3/28/1992
1409876543,Samaria,Oram,5 Roth Parkway,Orange,CA,92862,11/16/1997
15123456-78,Codi,Wigginton,8 Waubesa Road,Las Vegas,NV,89140,4/11/2001
1609876543,Dory,Grangier,80 Mayer Trail,,CA,,12/9/1999
1712345678,Codi Colquyte,,28584 Arizona Circle,Shawnee Mission,KS,66215,5/3/1989
1809876543,Archaimbaud,Harnetty,07180 Pepper Wood Avenue,Indianapolis,Indiana,46247,11/16/1990
1912345678,Teodor,McLeod,10 Jenna Way,New York City,NY,10019,6/23/1997
2009876543,Wendye,Ralph,00 Little Fleur Trail,New York City,NY,,3/23/1993
2109876543,Julie,Tuffield,5 Packers Drive,Peoria,Illinois,61640,12/7/1979
2212345678,Brit,Rouzet,075 Michigan Crossing,Wilkes Barre,PA,18706,7/12/1986
2309876543,Bernetta,Gaiford,0004 Dakota Terrace,Lubbock,TX,79491,2/9/1996
A2409876543,Minna,Tippell,17 Milwaukee Lane,Denver,CO,,6/2/1991
2512345678,Timothy,Sollime,2856 Boyd Drive,New York City,NY,10039,3/15/1993
2612345678,Wallache,Billington,1 Brentwood Lane,Philadelphia,PA,19141,6/28/2005
2709876543,Daryl,Cartmell,5605 Graedel Lane,Tallahassee,FL,,3/23/1988
2812345678,Benn,Wheldon,606 Mcguire Crossing,Carson City,NV,89714,10/20/1989
2909876543,Romeo,Brimblecombe,7875 Russell Road,Visalia,CA,93291,8/22/2001
3012345678,Allison,Balazs,0 Trailsway Crossing,Pittsburgh,PA,15279,6/28/2000
